test_id,query,config,wrong_image_from,evidence,summary,clean_image_paths,wrong_image_paths
020d3d213643f8ec,Why are Israeli troops pushing deep into Khan Younis?,M_vision_wrong,57f67219c9ab0596,"[1] Khan Younis: Israel says forces have encircled Gaza's second city - BBC News
The troops had ""engaged in close-quarters combat, directed [air] strikes, and used intelligence to co-ordinate fire, resulting in the elimination of dozens of terrorists"", it added. Israeli forces have pushed into the remaining parts of Khan Younis, seen as a stronghold of Hamas The IDF also ordered residents of western Khan Younis to move immediately to the al-Mawasi area, on the Mediterranean coast, for their own safety. However, some witnesses said tanks had blocked the road leading there, preventing them from joining the estimated million people currently sheltering to the south in Rafah, on the border with Egypt.
Israeli ground forces expanded their operation into southern Gaza in early December, after largely taking control of Hamas strongholds in the north. Within days they were said to have reached the ""heart"" of Khan Younis, where hundreds of thousands of people who had fled northern areas were sheltering. But the troops have since faced fierce resistance from Hamas's Khan Younis Brigade. It is considered to be one of the two strongest in the group, which is designated as a terrorist organisation by Israel, the UK and other countries.
[IMAGE 1: ""Fighting is reported around hospitals in the city, where Israel believes Hamas leaders are hiding.""]

[2] Israel-Gaza: Netanyahu defies Biden over Palestinian state - BBC News
Israeli forces have continued to push into southern Gaza, saying they are searching for top Hamas officials they believe are hiding in Khan Younis, the Strip's second biggest city. The Israel Defense Forces said they had raided a tunnel in Khan Younis that had been used to hold hostages, although they were not there when it was discovered. While the focus of the fighting is now in southern Gaza, there have been renewed clashes around the northern town of Jabalia, as Palestinian fighters reportedly advanced while Israel tried to move its soldiers and tanks south. Almost three months since Israel launched its ground invasion of Gaza, its army - vastly superior to Hamas in strength and equipment - is still facing significant resistance across the territory.
Just do it, Bibi. Just do it. Bring the hostages back home."" Israeli forces have continued to push into southern Gaza, saying they are searching for top Hamas officials they believe are hiding in Khan Younis, the Strip's second biggest city.
[IMAGE 2: ""The comments deepen a rift with the US which believes a two-state solution is vital for long-term stability.""]

[3] Dozens reported killed as battle rages in Gaza's Khan Younis - BBC News
Ambulances were also trapped and unable to reach the wounded. Khan Younis has been a recent focus of Israeli forces, who are convinced top Hamas commanders are holed up there. On Sunday, the Israeli military said it had found an underground compound in the city where it believed about 20 Israeli hostages had been held. Meanwhile in Israel, a number of hostages' families on Monday interrupted a finance committee meeting at the Israeli parliament in Jerusalem, to call for the government to do more to secure their release.
A doctor at Nasser Hospital in Khan Younis said it was overwhelmed by casualties and ""on the brink of collapse"" Dozens of people are reported to have been killed in intense Israeli strikes on Khan Younis in the south Gaza Strip, as battles between soldiers and Hamas fighters rage on the ground. Residents said tanks had surrounded a hospital and university where thousands of displaced people were sheltering. Ambulances were also trapped and unable to reach the wounded.
[IMAGE 3: ""Residents say Israeli forces have surrounded a hospital amid fierce fighting in the south Gaza city.""]

[4] Intense Israeli strikes in south Gaza city as hostages sent medicine - BBC News
The UN says that the war has displaced around 85% of Gaza's 2.3 million people, many of whom have been forced to cram into shelters and are struggling to get basic supplies. In a joint statement, a number of UN special rapporteurs said: ""Currently every single person in Gaza is hungry, a quarter of the population are starving and struggling to find food and drinkable water, and famine is imminent."" Israel's Defence Minister, Yoav Gallant, has said that the intense stage of Israel's military operations against Hamas would ""soon"" wind down in the south of Gaza, including Khan Younis, where it is thought local leaders of the armed group may be hiding. He said that the military had already switched to more targeted action in the north, where it began its ground offensive.
We carried a few blankets and walked for 5km (3.1 miles) to reach the entrance to the city of Rafah, and now we are in the street, not knowing where to go."" On Wednesday the Jordanian army said its military field hospital in Khan Younis had been badly damaged as a result of Israeli shelling in the area. The Jordanian army said it held Israel responsible for a ""flagrant breach of international law"". The UN says that the war has displaced around 85% of Gaza's 2.3 million people, many of whom have been forced to cram into shelters and are struggling to get basic supplies.
[IMAGE 4: ""Khan Younis residents report intense fighting, as Qatar says Hamas will give medicines to hostages.""]

[5] Khan Younis: UN says 12 killed at Gaza shelter as fighting rages - BBC News
A picture taken from Rafah shows smoke billowing over Khan Younis during Israeli bombardment on Thursday The IDF also said on Wednesday afternoon that its troops had ""launched a divisional manoeuvre on West Khan Younis"" that was targeting Hamas ""outposts, infrastructure, and command and control centres"". ""Dismantling Hamas' military framework in western Khan Yunis is the heart of the logic behind the operation."" The IDF added that Hamas ""exploits the civilian population, exploits shelters and hospitals"" - something the group has denied.
""The IDF is also examining the possibility that the strike was a result of Hamas fire."" Vedant Patel of the US state department repeated Washington's calls for the protection of civilians in Gaza. ""We deplore today's attack on the UN's Khan Younis training centre,"" she said, and called it ""incredibly concerning"". A picture taken from Rafah shows smoke billowing over Khan Younis during Israeli bombardment on Thursday
[IMAGE 5: ""A UN agency says shells hit a college in Khan Younis, but Israel rules out a strike by its forces.""]","Israeli troops are pushing deep into Khan Younis, which is viewed as a stronghold of Hamas, in search of top Hamas officials believed to be hiding there. The Israeli Defense Forces have engaged in close-quarters combat and conducted airstrikes, resulting in significant casualties among Hamas fighters. The military operation has faced fierce resistance, particularly from the Khan Younis Brigade, one of Hamas's strongest units. Additionally, the IDF has reported finding underground compounds used for holding hostages, further intensifying their efforts in the area.",data/images/f73c8547a6d573b4.jpg|data/images/8a2334ebc49c781c.jpg|data/images/ae1313fce399fba3.jpg|data/images/9df4118168d7d7c3.jpg|data/images/2b3782a177cc58d4.jpg,data/images/a759ba1ff1e97a8c.jpg|data/images/9e7bb9f5d26a3936.jpg|data/images/e10abb8eb3809954.jpg|data/images/deddf51749a18dab.jpg|data/images/4df2fabdda435df0.jpg
57f67219c9ab0596,Why did a TV actor criticise the Post Office boss?,M_vision_wrong,449086b68a9f66e1,"[1] Post Office scandal: Rishi Sunak considers measures to clear all victims - BBC News
The ITV series focuses on the Post Office's former chief executive, Paula Vennells. But Lord Arbuthnot said: ""There are so many people who behaved so very badly that I think it is probably wrong to focus on one person. ""At the moment, scores of people have got away with things which they should not have got away with and I hope they will not as a result of the public inquiry run by Sir Wyn Williams."" Until 2012, the Post Office was part of Royal Mail before it was split off.
There has been widespread sympathy for the victims - and renewed anger - after the four-part mini-series Mr Bates vs the Post Office: The Real Story aired on ITV this week. It centres on the story of sub-postmaster Alan Bates, played by actor Toby Jones, who led and won a legal battle, paving the way for dozens of convictions to be overturned. Lord Arbuthnot, who was Jo Hamilton's MP when she was wrongly convicted of false accounting - a conviction that was quashed in 2021 - said that ""there needs to be retribution on those who are responsible"". The ITV series focuses on the Post Office's former chief executive, Paula Vennells.
[IMAGE 1: ""The justice secretary is looking into steps to help hundreds of wrongly convicted sub-postmasters.""]

[2] Post Office scandal: The ordinary lives devastated by a faulty IT system - BBC News
The judge agreed. The Horizon system was flawed and a group of 555 post office workers won a group action paving the way for the first round of sub-postmasters and sub-postmistresses to have their convictions overturned in 2021. Alan's story - and name - was the focus of the ITV drama, Mr Bates vs The Post Office, which has reignited the public consciousness around the Post Office scandal. ""It's been the best or the worst unpaid job I've ever had,"" he says.
Together with his partner, Suzanne, they poured their life savings into the business. But soon he was facing huge shortfalls - money that was seemingly lost - and there was no explanation. The Post Office blamed him, as it did hundreds of others. But unlike many other sub-postmasters and mistresses, who felt immense pressure over their own apparent losses, Alan did not admit liability.
[IMAGE 2: ""Victims felt alone yet hundreds were enduring similar experiences. Here we look at some of their stories.""]

[3] Post Office victims' compensation pot cut by half - BBC News
We have consistently tried to manage those fears and have successfully done so when people have come forward. However, it remains an ongoing battle."" Professor Chris Hodges, chair of Horizon Compensation Advisory Board, said in a letter to the government an unwillingness to appeal was due to a ""deep distrust of authority"", evidence being lost or destroyed and issues with compensation if a Post Office manager is not granted a retrial. Nick Wallis, journalist and author of The Great Post Office Scandal, told the BBC's Today programme courts were ""working on the basis on Horizon being essential to a prosecution"", and not seemingly taking account of the ""huge failures"" of Post Office management and prosecutors.
Nick Read, the Post Office's chief executive, said in its annual accounts that ""any suggestion that today's Post Office is deliberately placing obstacles in the way of that outcome is wholly misplaced"". He said: ""Set against the processes and procedures we have to follow to both secure the necessary funding from government for compensation payments and to make them, we have made good progress. ""We will not rest until justice is achieved, and full and fair compensation paid, for all those so badly affected by the events of the past."" A Post Office spokesperson added it encourages ""people who believe they were wrongly convicted, for any reason, to consider an appeal"".
[IMAGE 3: ""The firms has now set aside £244m following over estimations on the number of people who might apply.""]

[4] The power of Mr Bates vs The Post Office in bringing about justice - BBC News
It marks a long-awaited breakthrough for victims. But why now, and why in response to a TV show? Watch: I'm really, really angry - postmaster gets emotional For the show's executive producer Patrick Spence, it proves the unique power drama can hold in forging human connection.
For the show's executive producer Patrick Spence, it proves the unique power drama can hold in forging human connection. He told BBC Radio 4: ""Drama can go inside the homes of the sub-postmasters who so suffered and dramatise the pain that they went through. ""[It] can do something that a documentary and a newspaper article can't… they can bring to life the true emotional impact on the people who were victimised by the Post Office's abhorrent behaviour."" But these two mediums, rather than working in competition, often complement each other to forge a lasting impact, says arts writer Fiona Sturges.
[IMAGE 4: ""Mr Bates vs The Post Office is not the only TV series to have helped renew public interest in an issue.""]

[5] Tory MP Nadhim Zahawi plays himself in Post Office scandal TV drama - BBC News
dreadful and it's been going on for so long. The Conservative government really needs to sort out the compensation. ""I regret not having asked the Post Office managers even tougher questions than I did."" Asked why he accepted the Post Office's assertions at face value, Sir Ed replied: ""I asked really tough questions of Post Office managers and indeed the officials.
Former chancellor Nadhim Zahawi has made a surprise appearance in an ITV drama about the Post Office IT scandal. He plays himself questioning then-Post Office chief executive Paula Vennells in a 2015 Commons committee inquiry into the Horizon computer system. The drama is being screened this week. Between 1999 and 2015, more than 700 sub-postmasters and sub-postmistresses were wrongly prosecuted for false accounting, theft and fraud, on the basis of faulty Horizon information.
[IMAGE 5: ""The former chancellor plays himself putting tough questions to then-chief executive Paula Vennells.""]","The coverage discusses the Post Office scandal, particularly focusing on the former chief executive, Paula Vennells, and the impact of the ITV series ""Mr Bates vs the Post Office."" The series has reignited public interest and sympathy for the victims, including sub-postmaster Alan Bates, who fought against wrongful convictions based on a flawed IT system. There is a call for accountability for those responsible for the scandal, with emphasis on the need for justice and fair compensation for the victims. The drama is noted for its ability to convey the emotional toll on those affected, highlighting the importance of storytelling in raising awareness about such issues.",data/images/a759ba1ff1e97a8c.jpg|data/images/9e7bb9f5d26a3936.jpg|data/images/e10abb8eb3809954.jpg|data/images/deddf51749a18dab.jpg|data/images/4df2fabdda435df0.jpg,data/images/e83342dba7264808.jpg|data/images/d133f3fd427b14ac.jpg|data/images/2f8b80d899b17246.jpg|data/images/b48ca6a5be136133.jpg|data/images/51a9aabdd6bf2096.jpg
449086b68a9f66e1,What is a father's pain at his daughter's captivity in Gaza?,M_vision_wrong,3ee8ef988f72fa5d,"[1] Gaza destruction risks lost generation of children, says UN official - BBC News
He was studying in the UN school. Nothing is left of it."" Like any society, Gaza's future is its children. But here, they're disproportionately victims of war and, says the UN, may lose out completely on what should be rightfully theirs
The World Health Organization says that only 13 of Gaza's 36 hospitals are functional, many have been damaged in airstrikes. With shortages in basic medical equipment those who need treatment often go without. Cancer patients and those requiring specialist treatment like kidney dialysis, or neo-natal babies, are especially vulnerable, says the Ocha bulletin. Nisreen Abu Nimr is also from northern Gaza.
[IMAGE 1: ""A senior United Nations official tells the BBC that civilians may have no choice but to leave entirely.""]

[2] Israel reined in by ICJ rulings on Gaza - but will it obey? - BBC News
Those who flee the fighting seeking refuge in squalid, overcrowded shelters, with dwindling healthcare and grossly inadequate humanitarian supplies. It was clear, soon after the court's American president Joan Donoghue began speaking, that the urgency of Gaza's plight was uppermost in the court's mind and that Israel had not succeeded in its bid to have the entire case thrown out. Judge Donoghue delivered a bleak summary of the suffering being experienced by Palestinians in the Gaza Strip. She said the plight of children was ""especially heartbreaking"".
She said the plight of children was ""especially heartbreaking"". This is not the court's final ruling on genocide - that's likely to take several years. But the measures called for today are designed to offer the Palestinians of Gaza some measure of protection, while the judges consider South Africa's fundamental charge against Israel. Israel must now decide how to respond.
[IMAGE 2: ""The demands, if implemented, would drastically change the nature of Israel's Gaza campaign.""]

[3] Palestinians tell of fears for the future as war destroys Gaza - BBC News
Israel says its air and ground operation in Gaza is aimed at destroying Hamas. The majority of Gaza's 2.3 million people are displaced and fight daily to find food, drink and medicine. Mohammed al-Khaldi, a father of two children displaced from Gaza City, told the BBC: ""I lost my home, my shop and my source of income. I am no longer able to provide the simplest requirements of life for my children.
I am no longer able to provide the simplest requirements of life for my children. ""I hold the Israeli occupation responsible for the massive destruction, but I do not absolve Hamas of responsibility for everything that happened,"" he said. Hamas is the Palestinian group which has run Gaza since 2007. Its military wing, the Izzedine al-Qassam Brigades, was thought to have about 30,000 members before the 7 October attack.
[IMAGE 3: ""Palestinians in Gaza scramble to survive Israeli attacks and secure basics as they fear a return to Hamas rule, too.""]

[4] Al Jazeera bureau chief's son Hamza al-Dahdouh among journalists killed in Gaza - BBC News
He was the soul of my soul. These are tears of sadness, of loss. These are tears of humanity,"" his father said at the funeral. ""I call on the world to look closely at what's happening in Gaza.""
His wife Amna, his grandchild Adam, his 15-year-old son Mahmoud and seven-year-old daughter Sham were killed in an Israeli strike in Nuseirat refugee camp in October. According to Al Jazeera correspondent Hisham Zaqout, Hamza al-Dahdouh and a group of journalists were en route to the Moraj area north-east of Rafah - which was designated a ""humanitarian zone"" by the Israeli army - but which had reportedly experienced recent bombings. Many displaced Gazans had fled to the area to escape the bombardment in other regions of the territory. Hamza had intended to report on the unfolding situation and the aftermath of the bombings in the area, according to Al Jazeera.
[IMAGE 4: ""Hamza al-Dahdouh was with colleagues when their car was reportedly hit in an Israeli air strike .""]

[5] Kerem Shalom crossing: Israeli protesters hold up aid trucks to Gaza - BBC News
The Israeli government is facing growing international pressure to allow more humanitarian relief into Gaza, combined with intense domestic pressure to secure the release of the hostages. The protesters say they view the delivery of aid to Gaza while their loved ones are still being held by Hamas as ""a moral failure"". They say they fear the aid could end up in the group's hands. Israeli media report that although some of the protesters are related to hostages, others are the parents of IDF soldiers currently deployed in Gaza, with another group representing right-wing activists who promote a return of Jewish settlements to Gaza.
Israeli media report that although some of the protesters are related to hostages, others are the parents of IDF soldiers currently deployed in Gaza, with another group representing right-wing activists who promote a return of Jewish settlements to Gaza. The demonstration took place amid unconfirmed reports that Israeli and American officials will hold ""critical"" hostage talks with Qatari and Egyptian mediators in Europe in the coming days. The reports suggest that the director of the US Central Intelligence Agency, William Burns, and the Mossad chief, David Barnea, will meet Qatar's Prime Minister and Foreign Minister, Sheikh Mohammed bin Abdulrahman al-Thani, to discuss the release of more than 100 Israeli hostages and a pause in fighting in Gaza. The White House has described the talks as ""sober"" and ""serious"" efforts, involving players who were key to sealing a previous agreement in November.
[IMAGE 5: ""Israeli protesters stop a convoy of humanitarian aid trucks entering Gaza for third consecutive day.""]","The coverage highlights the profound suffering and challenges faced by families in Gaza, particularly focusing on the plight of children and parents. A father expressed his despair over losing his home and ability to provide for his children amidst the destruction caused by the conflict. The reports also emphasize the dire humanitarian situation, with many families displaced and struggling to secure basic necessities like food and medical care. Additionally, there are mentions of protests in Israel where families of hostages express their anguish and moral dilemmas regarding aid to Gaza while their loved ones remain captive.",data/images/e83342dba7264808.jpg|data/images/d133f3fd427b14ac.jpg|data/images/2f8b80d899b17246.jpg|data/images/b48ca6a5be136133.jpg|data/images/51a9aabdd6bf2096.jpg,data/images/f2d6440eb64e49d0.jpg|data/images/a0c85641a86ebc36.jpg|data/images/a3a9f4a3158e31d6.jpg|data/images/737f482209fa8859.jpg|data/images/6c5d059b9888f132.jpg
3ee8ef988f72fa5d,Why is a mother in UK court after her children's deaths in Colorado?,M_vision_wrong,f924c3bb5f74d6ee,"[1] Almost half of family courts to allow reporting in England and Wales - BBC News
Family judges have the power to make some of the most drastic interventions in people's lives, as they can take children away from their parents and place them in care or up for adoption. Where parents are separating, these courts decide where children should live, and how much contact they should have with each parent. These cases often involve allegations of domestic abuse. The BBC will be continuing to cover family court stories in the new pilot centres.
The BBC will be continuing to cover family court stories in the new pilot centres. Please get in touch by emailing haveyoursay@bbc.co.uk. Please include a contact number if you are willing to speak to a BBC journalist. You can also get in touch in the following ways:
[IMAGE 1: ""A pilot scheme allowing journalists and bloggers into the courts in England and Wales is being extended.""]

[2] Michigan school shooter's mum weeps as she goes on trial - BBC News
A mother who is the first US parent ever to go on trial for failing to stop her son from carrying out a deadly school shooting has sobbed in court as she saw CCTV of the attack. Jennifer Crumbley's lawyer said the prosecution was intended to ""send a message to gun owners"". Her son is serving life in prison for killing four classmates at Oxford High School in Michigan in 2021. Mrs Crumbley's husband, James, is facing a separate trial on the same charges, which are punishable by up to 15 years in prison.
Prosecutor Marc Keast told the jury: ""Jennifer Crumbley didn't pull the trigger that day, but she is responsible for those deaths."" ""We're not here to talk about good parenting or bad parenting,"" he added. ""It's not illegal to be a bad parent."" Prosecutors say that Mr and Mrs Crumbley gave their son the murder weapon as a Christmas gift, and did not help him get the mental health support he needed.
[IMAGE 2: ""Jennifer Crumbley is the first US parent to face a manslaughter trial for such an attack by their child.""]

[3] Constance Marten trial: Dead baby 'well cared for' by parents, court told - BBC News
She received a further £3,400 from the ""Sturt Trust"" on 3 January. As well as manslaughter, the couple are also accused of four other offences - cruelty to their baby; concealment of the baby's birth; causing or allowing her death; and perverting the course of justice by concealing the body.
Prosecutors allege the baby died as a result of living outdoors in wintry conditions, but in an opening address to the jury, John Femi-Ola KC, who is defending Mr Gordon, said: ""The baby was kept warm and dry, and was fed such as she was well-nourished. The baby did not require medical assistance."" He said there was no evidence of any sign of violence, and no sign of external or internal injuries. Mr Femi-Ola said there was no intention by the couple to pervert the course of justice by deliberately allowing Victoria's body to decompose, because Ms Marten wanted a post-mortem examination to know ""how her beloved baby died"".
[IMAGE 3: ""Constance Marten and Mark Gordon are accused of the manslaughter of their baby daughter Victoria.""]

[4] Constance Marten trial: Baby kept in Lidl bag before being dumped, court told - BBC News
Outlining the case against the defendants, prosecutor Tom Little KC told jurors the couple previously had four other children, all of whom had been taken into care after extensive involvement from social services. He said the couple ""essentially went off-grid"" and lived outside to avoid social services removing their new baby, concealing the pregnancy from family and the health service. The Old Bailey heard that only the defendants knew the precise date the baby was born, but the prosecution said she appeared to have been born after 28 December 2022. On 5 January, a car the family had allegedly been travelling in was discovered on fire on a road in Greater Manchester.
A baby whose body was found in a shed spent much of her life being carried in a Lidl ""bag for life"" while her parents lived ""off-grid"", a court has heard. Constance Marten, 36, and Mark Gordon, 49, are on trial for the manslaughter of newborn Victoria, whose body was discovered in March 2023 after a weeks-long search for the family. Prosecutors said the baby would still be alive if it were not for the ""reckless"" behaviour of the defendants. Outlining the case against the defendants, prosecutor Tom Little KC told jurors the couple previously had four other children, all of whom had been taken into care after extensive involvement from social services.
[IMAGE 4: ""Constance Marten and her partner Mark Gordon are on trial for the manslaughter of their newborn baby.""]

[5] Post Office scandal: Former postmaster's joy after conviction quashed - BBC News
""But the people who have stuck by me, my family, they all told me it would happen. I only wish my mum was here today to see what has happened. ""Hopefully she is looking down on me and smiling and we'll go and see her up at the graveyard and thank her for everything she has done for us."" Mr Thomson's case was one of six in Scotland that were referred to the High Court as a potential miscarriage of justice in November 2022.
Mr Thomson's case was one of six in Scotland that were referred to the High Court as a potential miscarriage of justice in November 2022. His appeal was due to be heard on 1 February but the Crown Office decided earlier this week it would not oppose it and he was formally cleared on Wednesday. A UK-wide inquiry into what happened during the Horizon scandal is under way. The case was thrust back into the public arena by an ITV drama which followed the scandal being uncovered.
[IMAGE 5: ""Rab Thomson, from Clackmannanshire, is the fifth person in Scotland to have their conviction overturned.""]","The evidence does not provide information related to a mother in a UK court after her children's deaths in Colorado. It discusses various unrelated topics, including family court reporting in England and Wales, a trial involving a mother in Michigan for her son's school shooting, and a trial concerning the manslaughter of a baby by her parents. Therefore, the evidence is insufficient to address the query.",data/images/f2d6440eb64e49d0.jpg|data/images/a0c85641a86ebc36.jpg|data/images/a3a9f4a3158e31d6.jpg|data/images/737f482209fa8859.jpg|data/images/6c5d059b9888f132.jpg,data/images/da207d9d47fcfca5.jpg|data/images/3e9eef4f369e3b71.jpg|data/images/936e5fc1857e4aad.jpg|data/images/f5c65230b25ce55a.jpg|data/images/115a1018793f38c3.jpg
f924c3bb5f74d6ee,What new footage shows inspection after a dramatic mid-air blowout on a Boeing plane?,M_vision_wrong,020d3d213643f8ec,"[1] US launches Boeing investigation after blowout - BBC News
Boeing said it would ""cooperate full and transparently"" with the investigation. Company boss, Dave Calhoun, had previously described the problem as a ""quality escape"". It means the incident was caused by some failure in quality control in the plane, which had been in service for just eight weeks before the blowout. Watch: 'Trip from hell': On board flight during mid-air blowout
Watch: 'Trip from hell': On board flight during mid-air blowout He told CNBC there were still questions that needed to be answered about how the incident was allowed to happen. ""What broke down in our gauntlet of inspections? What broke down in the original work that allowed for that escape to happen,"" he said.
[IMAGE 1: ""The Federal Aviation Administration will examine the jet-maker's processes after last Friday's emergency.""]

[2] Japan jet crash: Passengers describe chaos inside flight 516 - BBC News
A third reported to Kyodo News he felt ""a boom like we had hit something and jerked upward the moment we landed"". Snippets of those moments were caught on phones. Some passengers filmed the red glow from a still sparking engine as the plane came to a halt. Another took footage inside, a miasma of smoke quickly obscuring the camera lens as passengers shouted and cabin crew tried to direct their next moves.
Images and video show the moment people began to jump down the airliner's inflatable slides - some tumbling in their effort to get away from a now burning cabin, and running to greater safety. No one appears to be holding their bulky carry-on luggage - a major factor in how quickly a cabin can be cleared. Alex Macheras, an aviation analyst, told the BBC that the crew ""were able to initiate a textbook evacuation"" in the crucial first few minutes after impact. The fire was ""isolated to one area"" of the Airbus A350 for the initial 90 seconds, allowing them a brief window to get everyone out.
[IMAGE 2: ""Nearly 400 people were trapped inside a burning JAL 516. What happened next has been described as a miracle.""]

[3] Boeing to increase quality inspections of 737 Max production - BBC News
The blowout forced an emergency landing but resulted in no serious injuries Boeing says there will be more quality inspections for its 737 Max aircraft after an unused door blew off an Alaska Airlines plane mid-flight. The US plane maker said that an outside party would be brought in to assess its production practices. It will also check the work of the firm that supplies and installs the parts involved in the accident.
""We are planning additional inspections throughout the build process at Boeing and at Spirit,"" Mr Deal said. ""These checks will provide one more layer of scrutiny on top of the thousands of inspections performed today across each 737 airplane."" Scrutiny of Boeing has been renewed after the blowout on the Alaska Airlines flight from Portland, Oregon to California, which forced an emergency landing but resulted in no serious injuries. The US aerospace giant has been struggling to restore confidence after crashes in 2018 and 2019 involving a different plane in the 737 Max group killed 346 people.
[IMAGE 3: ""The plane maker will allow independent assessments after a door plug fell from one of its aircraft.""]

[4] Alaska Airlines plane had warnings days before mid-air blowout - BBC News
""An additional maintenance look"" was requested but ""not completed"" before the incident, Ms Homendy said. The plane was brand new having been delivered to Alaska Airlines in October - at which time it was judged by the FAA to be airworthy. Ms Homendy also used the conference to set out new details of the ""very chaotic"" and ""terrifying"" situation on board Alaska Airlines flight 1282. The force of the blowout caused the door of the cockpit to open and a laminated checklist and the first officer's headset both flew out into the cabin, she said.
The force of the blowout caused the door of the cockpit to open and a laminated checklist and the first officer's headset both flew out into the cabin, she said. She added that no information from the cockpit voice recorder was available, as the recording had been automatically wiped after a two-hour cut-off was reached. The NTSB wanted this window to be increased to 25 hours, she added. Ms Homendy later announced that the part of the fuselage that detached had been found, after a teacher named Bob located the missing section in his backyard.
[IMAGE 4: ""The jet involved in Friday's incident had been prevented from long trips over water, US investigators say.""]

[5] Boeing 737 Max 9: Jets to stay grounded as inspections continue - BBC News
Watch: 'Trip from hell': On board flight during mid-air blowout The US aviation regulator has said 171 Boeing 737 Max 9 planes will remain grounded until it is satisfied the planes are safe. The Federal Aviation Administration (FAA) has been inspecting the jets after part of an Alaska Airlines plane's fuselage fell off on Friday. The FAA said its first priority was ""keeping the flying public safe"".
During Friday's incident, Alaska Airlines flight 1282 from Portland, Oregon, to Ontario, California, reached 16,000ft (4,876m) when it began an emergency descent, according to flight tracking data. Passengers on board said a large section of the plane's outer shell fell to the ground shortly after take-off. Images sent to news outlets show the night sky and lights of Portland visible through the gap in the fuselage, with insulation material and other debris also seen. One passenger said the gap was ""as wide as a refrigerator"" while another said a child's shirt was ripped off in the wind as the plane made its emergency landing.
[IMAGE 5: ""The US aviation regulator says 171 Boeing planes will remain grounded until it is satisfied they are safe.""]","New footage and reports detail a dramatic mid-air blowout on an Alaska Airlines flight, which forced an emergency landing but resulted in no serious injuries. The incident involved a section of the plane's fuselage detaching, creating a significant gap that passengers described as ""as wide as a refrigerator."" Boeing is facing scrutiny over quality control, with the company pledging to increase inspections and allow external assessments of its production practices. Investigators noted that the aircraft had been deemed airworthy just prior to the incident, and there were warnings about maintenance that were not addressed before the flight.",data/images/da207d9d47fcfca5.jpg|data/images/3e9eef4f369e3b71.jpg|data/images/936e5fc1857e4aad.jpg|data/images/f5c65230b25ce55a.jpg|data/images/115a1018793f38c3.jpg,data/images/f73c8547a6d573b4.jpg|data/images/8a2334ebc49c781c.jpg|data/images/ae1313fce399fba3.jpg|data/images/9df4118168d7d7c3.jpg|data/images/2b3782a177cc58d4.jpg
